<?xml version="1.0" encoding="UTF-8"?>
<project xmlns="http://maven.apache.org/POM/4.0.0" xmlns:xsi="http://www.w3.org/2001/XMLSchema-instance" xsi:schemaLocation="http://maven.apache.org/POM/4.0.0 http://maven.apache.org/maven-v4_0_0.xsd">
  <modelVersion>4.0.0</modelVersion>
  
  <groupId>com.github.javadev</groupId>
  <artifactId>calculator</artifactId>
  <packaging>jar</packaging>
  <version>1.2</version>
  <name>Swing calculator application</name>
  <description>The swing calculator application</description>
  <url>https://github.com/javadev/calculator</url>
  
  <developers>
    <developer>
      <name>Valentyn Kolesnikov</name>
    </developer>
  </developers>

  <licenses>
    <license>
      <name>Apache License, Version 2.0</name>
      <url>http://www.apache.org/licenses/LICENSE-2.0.txt</url>
      <distribution>repo</distribution>
    </license>
  </licenses>

  <scm>
    <connection>scm:git:git://github.com/javadev/calculator.git</connection>
    <developerConnection>scm:git:git://github.com/javadev/calculator.git</developerConnection>
    <url>https://github.com/javadev/calculator</url>
  </scm>

  <properties>
    <project.build.sourceEncoding>UTF-8</project.build.sourceEncoding>
  </properties>

  <ciManagement>
    <system>GitHub Actions</system>
    <url>https://github.com/javadev/calculator/actions</url>
  </ciManagement>

  <issueManagement>
    <system>GitHub Issues</system>
    <url>https://github.com/javadev/calculator</url>
  </issueManagement>

  <build>
    <plugins>
      <plugin>
        <groupId>org.apache.maven.plugins</groupId>
        <artifactId>maven-shade-plugin</artifactId>
        <version>1.4</version>
        <executions>
          <execution>
            <phase>package</phase>
            <goals>
              <goal>shade</goal>
            </goals>
            <configuration>
              <filters>
                <filter>
                  <artifact>*:*</artifact>
                  <excludes>
                    <exclude>META-INF/maven/**</exclude>
                    <exclude>META-INF/services/**</exclude>
                    <exclude>META-INF/COPYRIGHT.html</exclude>
                    <exclude>META-INF/LICENSE*</exclude>
                    <exclude>META-INF/NOTICE*</exclude>
                    <exclude>META-INF/README.txt</exclude>
                    <exclude>META-INF/DEPENDENCIES*</exclude>
                    <exclude>LICENSE.txt</exclude>
                    <exclude>rhinoDiff.txt</exclude>
                    <exclude>license/**</exclude>
                  </excludes>
                </filter>
              </filters>
            </configuration>
          </execution>
        </executions>
      </plugin>
      <plugin>
        <groupId>org.apache.maven.plugins</groupId>
        <artifactId>maven-compiler-plugin</artifactId>
        <version>3.10.0</version>
        <configuration>
          <source>1.8</source>
          <target>1.8</target>
          <encoding>UTF-8</encoding>
        </configuration>
      </plugin>
      <plugin>  
        <groupId>org.apache.maven.plugins</groupId>  
        <artifactId>maven-jar-plugin</artifactId>  
        <version>3.3.0</version>
        <configuration>  
          <archive>  
            <manifest>  
              <mainClass>com.github.calc.Calc</mainClass>  
            </manifest>  
          </archive>  
        </configuration>  
      </plugin> 
      <plugin>
        <groupId>org.apache.maven.plugins</groupId>
        <artifactId>maven-source-plugin</artifactId>
        <version>3.0.1</version>
        <executions>
          <execution>
            <id>attach-sources</id>
            <goals>
              <goal>jar</goal>
              <goal>test-jar</goal>
            </goals>
          </execution>
        </executions>
      </plugin>
      <plugin>
        <groupId>org.apache.maven.plugins</groupId>
        <artifactId>maven-javadoc-plugin</artifactId>
        <version>3.1.0</version>
        <executions>
          <execution>
            <id>attach-sources</id>
            <goals>
              <goal>jar</goal>
              <goal>test-jar</goal>
            </goals>
          </execution>
        </executions>
        <configuration>
          <failOnError>false</failOnError>
          <useStandardDocletOptions>true</useStandardDocletOptions>
          <show>private</show>
        </configuration>
      </plugin>
      <plugin>
        <groupId>org.apache.maven.plugins</groupId>
          <artifactId>maven-gpg-plugin</artifactId>
          <version>1.6</version>
          <executions>
            <execution>
              <id>sign-artifacts</id>
              <phase>verify</phase>
              <goals>
                <goal>sign</goal>
              </goals>
            </execution>
          </executions>
      </plugin>
    </plugins>
  </build>
  <dependencies>
    <dependency>
        <groupId>org.swinglabs</groupId>
        <artifactId>swing-layout</artifactId>
        <version>1.0.3</version>
    </dependency>
    <dependency>
        <groupId>junit</groupId>
        <artifactId>junit</artifactId>
        <version>4.13.2</version>
        <scope>test</scope>
    </dependency>
  </dependencies>
  
</project>
